{"cameraMode":{"drawMode":0,"name":"Shaded","section":"Shading Mode"},"sceneLighting":true,"audioPlay":false,"sceneViewState":{"m_AlwaysRefresh":false,"showFog":true,"showSkybox":true,"showFlares":true,"showImageEffects":true,"showParticleSystems":true,"showVisualEffectGraphs":true,"m_FxEnabled":true},"in2DMode":false,"pivot":{"x":3.848379611968994,"y":-0.0829387903213501,"z":5.099999904632568},"rotation":{"x":0.17085763812065125,"y":-0.006809896789491177,"z":0.0011712978594005108,"w":0.9853046536445618},"size":5.43488073348999,"orthographic":false}